ID,Predicted Label
TRAIN_1160,0
TRAIN_77,0
TRAIN_317,0
TRAIN_1041,0
TRAIN_1358,0
TRAIN_925,0
TRAIN_758,0
TRAIN_1507,0
TRAIN_965,0
TRAIN_1198,0
TRAIN_1088,0
TRAIN_679,0
TRAIN_372,0
TRAIN_1488,0
TRAIN_1158,0
TRAIN_1533,0
TRAIN_1002,0
TRAIN_31,0
TRAIN_50,0
TRAIN_241,0
TRAIN_310,0
TRAIN_354,0
TRAIN_125,0
TRAIN_382,0
TRAIN_1023,0
TRAIN_71,0
TRAIN_1126,0
TRAIN_705,0
TRAIN_942,0
TRAIN_989,0
TRAIN_571,0
TRAIN_893,0
TRAIN_576,0
TRAIN_586,0
TRAIN_1484,0
TRAIN_1175,0
TRAIN_622,0
TRAIN_670,0
TRAIN_1075,0
TRAIN_1306,0
TRAIN_1199,0
TRAIN_1081,0
TRAIN_614,0
TRAIN_494,0
TRAIN_355,0
TRAIN_262,0
TRAIN_60,0
TRAIN_598,0
TRAIN_1465,0
TRAIN_979,0
TRAIN_260,0
TRAIN_839,0
TRAIN_1032,0
TRAIN_1526,0
TRAIN_1532,0
TRAIN_721,0
TRAIN_52,0
TRAIN_1503,0
TRAIN_345,0
TRAIN_725,0
TRAIN_304,0
TRAIN_757,0
TRAIN_24,0
TRAIN_592,0
TRAIN_889,0
TRAIN_465,0
TRAIN_1098,0
TRAIN_1135,0
TRAIN_454,0
TRAIN_169,0
TRAIN_859,0
TRAIN_755,0
TRAIN_1166,0
TRAIN_362,0
TRAIN_238,0
TRAIN_1266,0
TRAIN_793,0
TRAIN_439,0
TRAIN_1393,0
TRAIN_100,0
TRAIN_1371,0
TRAIN_830,0
TRAIN_608,0
TRAIN_68,0
TRAIN_1115,0
TRAIN_248,0
TRAIN_136,0
TRAIN_1233,0
TRAIN_652,0
TRAIN_844,0
TRAIN_1373,0
TRAIN_395,0
TRAIN_124,0
TRAIN_1331,0
TRAIN_817,0
TRAIN_426,0
TRAIN_1221,0
TRAIN_644,0
TRAIN_768,0
TRAIN_661,0
TRAIN_1150,0
TRAIN_1264,0
TRAIN_240,0
TRAIN_1403,0
TRAIN_414,0
TRAIN_1527,0
TRAIN_968,0
TRAIN_1108,0
TRAIN_535,0
TRAIN_1328,0
TRAIN_30,0
TRAIN_1034,0
TRAIN_343,0
TRAIN_1055,0
TRAIN_1491,0
TRAIN_66,0
TRAIN_1145,0
TRAIN_890,0
TRAIN_1179,0
TRAIN_1095,2
TRAIN_1178,0
TRAIN_142,0
TRAIN_655,0
TRAIN_1109,0
TRAIN_1432,0
TRAIN_728,0
TRAIN_276,0
TRAIN_406,0
TRAIN_1044,0
TRAIN_1201,0
TRAIN_630,0
TRAIN_1143,0
TRAIN_1048,0
TRAIN_932,0
TRAIN_1014,0
TRAIN_45,0
TRAIN_1281,0
TRAIN_271,0
TRAIN_887,0
TRAIN_966,0
TRAIN_116,0
TRAIN_1502,0
TRAIN_1008,0
TRAIN_1478,0
TRAIN_530,0
TRAIN_434,0
TRAIN_417,0
TRAIN_584,0
TRAIN_79,0
TRAIN_1238,0
TRAIN_1417,0
TRAIN_1053,0
TRAIN_1085,0
TRAIN_462,0
TRAIN_1047,0
TRAIN_16,0
TRAIN_583,0
TRAIN_1362,0
TRAIN_176,0
TRAIN_994,0
TRAIN_1479,0
TRAIN_1390,0
TRAIN_1269,0
TRAIN_544,0
TRAIN_367,0
TRAIN_1174,0
TRAIN_204,0
TRAIN_782,0
TRAIN_1097,0
TRAIN_987,0
TRAIN_1030,0
TRAIN_813,0
TRAIN_917,0
TRAIN_1043,0
TRAIN_185,0
TRAIN_1435,0
TRAIN_483,0
TRAIN_57,0
TRAIN_999,0
TRAIN_1197,0
TRAIN_421,0
TRAIN_44,0
TRAIN_951,0
TRAIN_440,0
TRAIN_692,0
TRAIN_599,0
TRAIN_102,0
TRAIN_412,0
TRAIN_1122,0
TRAIN_108,0
TRAIN_1118,0
TRAIN_1229,0
TRAIN_221,0
TRAIN_1305,0
TRAIN_1033,0
TRAIN_825,0
TRAIN_662,0
TRAIN_1406,0
TRAIN_129,0
TRAIN_333,0
TRAIN_298,0
TRAIN_1467,0
TRAIN_708,0
TRAIN_366,0
TRAIN_245,0
TRAIN_814,0
TRAIN_665,0
TRAIN_850,0
TRAIN_616,0
TRAIN_603,0
TRAIN_232,0
TRAIN_33,0
TRAIN_975,0
TRAIN_498,0
TRAIN_1246,0
TRAIN_1301,0
TRAIN_1317,0
TRAIN_352,0
TRAIN_495,0
TRAIN_964,0
TRAIN_539,0
TRAIN_1315,0
TRAIN_719,0
TRAIN_164,0
TRAIN_910,0
TRAIN_501,0
TRAIN_307,0
TRAIN_669,0
TRAIN_673,0
TRAIN_602,0
TRAIN_1028,0
TRAIN_1176,0
TRAIN_1217,0
TRAIN_1089,0
TRAIN_193,0
TRAIN_1214,0
TRAIN_1102,0
TRAIN_1090,0
TRAIN_64,0
TRAIN_711,0
TRAIN_883,0
TRAIN_934,0
TRAIN_947,0
TRAIN_915,0
TRAIN_275,2
TRAIN_619,0
TRAIN_1470,0
TRAIN_863,0
TRAIN_199,0
TRAIN_809,0
TRAIN_340,0
TRAIN_1363,0
TRAIN_1392,0
TRAIN_272,0
TRAIN_579,0
TRAIN_219,0
TRAIN_491,0
TRAIN_1241,0
TRAIN_436,0
TRAIN_353,0
TRAIN_1035,0
TRAIN_1377,0
TRAIN_325,0
TRAIN_416,0
TRAIN_715,2
TRAIN_1302,0
TRAIN_552,0
TRAIN_713,0
TRAIN_650,0
TRAIN_423,0
TRAIN_290,0
TRAIN_766,0
TRAIN_651,0
TRAIN_568,0
TRAIN_1180,0
TRAIN_1346,0
TRAIN_1005,0
TRAIN_278,0
TRAIN_1194,0
TRAIN_1531,0
TRAIN_237,0
TRAIN_618,0
TRAIN_1000,0
TRAIN_1481,0
TRAIN_463,0
TRAIN_933,0
TRAIN_209,0
TRAIN_383,0
TRAIN_900,0
TRAIN_381,0
TRAIN_59,0
TRAIN_835,0
TRAIN_1024,0
TRAIN_433,0
TRAIN_1464,0
TRAIN_1220,0
TRAIN_745,0
TRAIN_1240,0
TRAIN_1086,0
TRAIN_1504,0
TRAIN_612,0
TRAIN_514,0
TRAIN_1183,0
TRAIN_847,0
TRAIN_1520,0
TRAIN_234,0
TRAIN_977,0
TRAIN_197,0
